{"_wandb":{"runtime":302},"Loss/Policy Loss":0.2952384948730469,"Metrics/Entropy":1.5428287982940674,"Loss/Entropy Loss":-0.07714144140481949,"_step":1783,"Metrics/Global Step":5,"_runtime":302,"_timestamp":1.7635031417219522e+09,"Loss/Value Loss":0.5560030341148376,"Loss/Total Loss":0.4960986077785492}