{"Metrics/Global Step":24576,"Metrics/Total Episodes":122,"_timestamp":1.7635052668172503e+09,"Loss/Policy Loss":-0.16101528704166412,"Rewards/Recent Reward (10ep)":27.05999999999998,"Loss/Total Loss":0.283112496137619,"Rewards/Average Reward (100ep)":22.13799999999999,"Loss/Value Loss":1.0386701822280884,"_wandb":{"runtime":635},"Metrics/Entropy":1.5041465759277344,"Rewards/Latest Episode":29.399999999999977,"Loss/Entropy Loss":-0.07520733028650284,"_step":3839,"_runtime":635}