{"Metrics/Entropy":0.7692543268203735,"Rewards/Recent Reward (10ep)":43.30999999999996,"_wandb":{"runtime":2675},"_timestamp":1.763508387847747e+09,"Loss/Value Loss":9.906261444091797,"_step":17599,"Metrics/Total Episodes":563,"Actions/Action_0_freq":0.00537109375,"Actions/Action_4_freq":0.54443359375,"Loss/Entropy Loss":-0.00769254332408309,"Actions/Action_2_freq":0.00244140625,"Actions/Action_5_freq":0.43505859375,"Metrics/Global Step":112640,"Rewards/Average Reward (100ep)":40.67199999999996,"Loss/Total Loss":5.18260383605957,"Rewards/Latest Episode":37.59999999999997,"_runtime":2675,"Actions/Action_3_freq":0.0068359375,"Loss/Policy Loss":0.23716521263122559,"Actions/Action_1_freq":0.005859375}