{"Actions/Action_5_freq":0.16015625,"Loss/Value Loss":0.2509000599384308,"Loss/Policy Loss":-0.0004267282783985138,"Actions/Action_0_freq":0.1689453125,"Actions/Action_3_freq":0.17822265625,"_runtime":67,"Loss/Total Loss":0.03599564731121063,"Actions/Action_2_freq":0.17822265625,"Metrics/Entropy":1.7805531024932861,"Rewards/Latest Episode":5,"Rewards/Average Reward (100ep)":7.230000000000001,"_step":319,"Actions/Action_4_freq":0.15869140625,"Actions/Action_1_freq":0.15576171875,"Rewards/Recent Reward (10ep)":7.230000000000001,"Metrics/Global Step":2048,"_timestamp":1.7635056807706707e+09,"Metrics/Total Episodes":10,"Loss/Entropy Loss":-0.08902765810489655,"_wandb":{"runtime":67}}