{"Loss/Value Loss":0.6780740022659302,"Loss/Policy Loss":-0.13616573810577393,"_timestamp":1.763503570329319e+09,"Loss/Entropy Loss":-0.07635121047496796,"_runtime":293,"Loss/Total Loss":0.1265200525522232,"Metrics/Global Step":5,"_wandb":{"runtime":293},"Metrics/Entropy":1.5270241498947144,"_step":1769}